R(sq),Inv(I(sq))
37.21,0.163934426
32.49,0.175438596
28.09,0.188679245
25,0.2
21.16,0.217391304
20.25,0.222222222
13.69,0.27027027
